n huimin place in shandong	25-18209-B
n huining place in gansu	32-23179-B
n huinong place in ningxia	25-18338-B
n huishui place in guizhou	25-18273-B
n huixian city in henan	61-14334-B
n huiyang city in guangdong	25-18403-B
n huiyang district district in guangdong	25-18469-B
n huize place in yunnan	32-24395-B
n hukou village in taiwan	39-11088-B
n hulan place in heilongjiang	13-19638-B
n hulin place in heilongjiang	55-47472-B
n huma place in heilongjiang	13-19427-B
n hunei village in taiwan	39-10387-B
n hunyuan place in shanxi	39-8220-B
n huocheng place in xinjiang	67-42203-B
n huojia place in henan	42-23244-B
n huolin gol city in inner mongolia	67-42693-B
n huolu place in hebei	42-24217-B
n huoqiu place in anhui	67-41648-B
n huoshan place in anhui	67-42468-B
n huozhou city in shanxi	67-42531-B
n hutubi place in xinjiang	13-18803-B
n huwei town in taiwan	55-47254-B
n ichu village in taiwan	51-14079-B
n japan	54-9093-S
n jenai area in taiwan	4-20852-B
n jenai village in taiwan	4-20921-B
n jente village in taiwan	4-20724-B
n jenwu village in taiwan	4-21241-B
n ji an district district in jiangxi	12-39517-B
n ji ning city in inner mongolia	66-57538-B
n ji ning district district in shandong	40-9215-B
n jiacha place in tibet	9-56586-B
n jiading place in shanghai	14-27573-B
n jiahe place in hunan	14-28504-B
n jiajiang place in sichuan	17-70974-B
n jiali place in tibet	14-29209-B
n jianchuan place in yunnan	9-43770-B
n jiande city in zhejiang	23-21151-B
n jiang an place in sichuan	36-58627-B
n jiangbei place in sichuan	36-57871-B
n jiangchuan place in yunnan	36-59190-B
n jiangda place in tibet	36-61052-B
n jiangdu city in jiangsu	36-61183-B
n jiange place in sichuan	9-44332-B
n jiangkou place in guizhou	36-58395-B
n jiangle place in fujian	20-37038-B
n jiangling place in hubei	36-61568-B
n jiangning place in jiangsu	36-58693-B
n jiangpu place in jiangsu	36-59666-B
n jiangshan city in zhejiang	36-58762-B
n jiangyong place in hunan	36-59365-B
n jiangyou city in sichuan	36-59556-B
n jiangzi district district in tibet	36-58532-B
n jianhe place in guizhou	9-44127-B
n jianhu place in jiangsu	23-21814-B
n jianli place in hubei	45-8922-B
n jianning place in fujian	23-20856-B
n jiansanjiang place in heilongjiang	23-20253-B
n jianshi place in hubei	23-20709-B
n jianshui place in yunnan	23-21748-B
n jianyang city in fujian	23-23012-B
n jianyang city in sichuan	48-38868-B
n jianzha place in qinghai	21-5773-B
n jiaocheng place in shanxi	3-67863-B
n jiaojiang city in zhejiang	34-26031-B
n jiaokou place in shanxi	3-67735-B
n jiashan place in anhui	14-27722-B
n jiashan place in zhejiang	14-27454-B
n jiashi place in xinjiang	4-63646-B
n jiaxiang place in shandong	14-28436-B
n jiaxing district district in zhejiang	14-28699-B
n jiayin place in heilongjiang	14-28884-B
n jiayu place in hubei	14-29150-B
n jidong place in heilongjiang	67-7362-B
n jiedong place in guangdong	28-48652-B
n jieshou city in anhui	43-47899-B
n jiexi place in guangdong	28-48983-B
n jiexiu city in shanxi	4-23616-B
n jilong place in tibet	12-41896-B
n jimunai place in xinjiang	12-40491-B
n jimusa er place in xinjiang	12-40565-B
n jinchuan place in sichuan	64-10111-B
n jingbian place in shaanxi	67-60944-B
n jingchuan place in gansu	38-28600-B
n jingde place in anhui	31-2016-B
n jinggu daizu yizu zizhixian place in yunnan	31-54868-B
n jinghai place in tianjin	67-62399-B
n jinghong city in yunnan	31-54423-B
n jingle place in shanxi	67-62215-B
n jingliang city in jiangsu	67-60748-B
n jingning place in gansu	67-61701-B
n jingshan place in hubei	4-2972-B
n jingtai place in gansu	31-54294-B
n jingxi place in guangxi	67-60816-B
n jingxing place in hebei	3-57235-B
n jingxingkuang area in hebei	3-57300-B
n jingyan place in sichuan	3-57052-B
n jingyang place in shaanxi	38-28790-B
n jingyuan place in gansu	67-60879-B
n jingyuan place in ningxia	38-28667-B
n jinhu place in jiangsu	64-12246-B
n jinhua district district in zhejiang	64-14367-B
n jinjiang city in fujian	31-43855-B
n jinjiang district district in fujian	31-43920-B
n jinkouhe area in sichuan	64-8207-B
n jinning place in yunnan	31-43658-B
n jinping place in guizhou	64-45194-B
n jinsha place in guizhou	64-11855-B
n jinshan place in shanghai	64-9826-B
n jinshi city in hunan	37-58654-B
n jinta place in gansu	64-8801-B
n jintan city in jiangsu	64-8860-B
n jintang place in sichuan	64-8736-B
n jinxi city in liaoning	64-45863-B
n jinxiang place in shandong	64-15821-B
n jinyang place in sichuan	64-17205-B
n jinyun place in zhejiang	50-25283-B
n jinzhou area in liaoning	64-10178-B
n jishan place in shanxi	47-35606-B
n jiujiang district district in jiangxi	3-19767-B
n jiuquan district district in gansu	63-40022-B
n jixi city in heilongjiang	67-8288-B
n jixi place in anhui	50-36795-B
n jixian place in heilongjiang	66-59747-B
n jiyang place in shandong	40-9877-B
n jize place in hebei	67-7526-B
n juancheng place in shandong	63-29300-B
n juifang town in taiwan	42-62442-B
n juisui village in taiwan	42-62320-B
n julu place in hebei	21-62564-B
n junan place in shandong	54-22597-B
n junlian place in sichuan	48-22357-B
n jurong place in jiangsu	12-5836-B
n juye place in shandong	21-62338-B
n kaijiang place in sichuan	65-38122-B
n kailu place in inner mongolia	65-44278-B
n kaiping city in guangdong	65-34186-B
n kaiyang place in guizhou	65-43981-B
n kaiyuan city in yunnan	65-42946-B
n kangbao place in hebei	23-1354-B
n kangle place in gansu	23-2547-B
n kangma place in tibet	23-3298-B
n kangshan town in taiwan	21-35279-B
n kanting village in taiwan	21-40958-B
n kaoshu village in taiwan	70-16622-B
n ke erqin youyi zhongqi place in inner mongolia	47-19824-B
n ke erqin zuoyi houqi place in inner mongolia	47-20102-B
n ke erqin zuoyi zhongqi place in inner mongolia	47-19963-B
n kedong place in heilongjiang	7-17057-B
n keketuohai place in xinjiang	12-12050-B
n kelan place in shanxi	21-35589-B
n kenli place in shandong	16-30766-B
n keping place in xinjiang	33-47686-B
n keshan place in heilongjiang	7-15867-B
n kouhu village in taiwan	11-68604-B
n ku erle city in xinjiang	22-66544-B
n kuangfu village in taiwan	7-9226-B
n kuanhsi town in taiwan	65-57148-B
n kuanmiao village in taiwan	65-54927-B
n kuanshan town in taiwan	65-54717-B
n kuantien village in taiwan	19-42232-B
n kuanyin village in taiwan	57-43820-B
n kuche place in xinjiang	23-142-B
n kueijen village in taiwan	35-53350-B
n kueishan village in taiwan	71-63625-B
n kuitun city in xinjiang	18-5387-B
n kukeng village in taiwan	12-1389-B
n kulun qi place in inner mongolia	22-65648-B
n kungkuan village in taiwan	7-66067-B
n kungliao village in taiwan	59-34557-B
n kunshan city in jiangsu	31-19180-B
n kuohsing village in taiwan	15-3974-B
n kushan area in taiwan	71-48176-B
n labrang tibetan monastery in amdo prov of tibet	27-21567-B
n lai an place in anhui	5-17642-B
n laifeng place in hubei	5-19755-B
n laii village in taiwan	5-18819-B
n laishui place in hebei	38-52653-B
n langao place in shaanxi	21-46369-B
n langfang district district in hebei	23-5603-B
n langkazi place in tibet	38-11434-B
n langxi place in anhui	63-21432-B
n langzhong city in sichuan	65-49161-B
n lankao place in henan	55-45884-B
n lanshan place in hunan	55-28701-B
n lantian place in shaanxi	55-28943-B
n lanxi city in zhejiang	55-45617-B
n lanxi place in heilongjiang	55-46394-B
n lanyu	55-44915-B
n laohekou city in hubei	51-28867-B
n lazi place in tibet	27-22249-B
n ledu place in qinghai	34-49961-B
n leibo place in sichuan	67-23554-B
n leishan place in guizhou	67-22707-B
n leiwuqi place in tibet	68-48133-B
n leiyang city in hunan	51-37610-B
n leizhou city in guangdong	67-22831-B
n leling city in shandong	34-50020-B
n lenghu place in qinghai	8-22027-B
n lengshuijiang city in hunan	8-21720-B
n lengshuitan city in hunan	8-21802-B
n leshan district district in sichuan	34-47972-B
n leting place in hebei	34-47489-B
n leye place in guangxi	34-49174-B
n lezhi place in sichuan	34-49736-B
n liangcheng place in inner mongolia	38-38968-B
n liangdang place in gansu	7-46920-B
n lianghe place in yunnan	34-9983-B
n liangping place in sichuan	34-9622-B
n lianjiang city in guangdong	23-5127-B
n lianjiang place in fujian	62-22661-B
n lianping place in guangdong	62-21679-B
n lianshui place in jiangsu	39-51646-B
n lianyuan city in hunan	39-51713-B
n lianyuan district district in hunan	39-51777-B
n liaocheng district district in shandong	51-43360-B
n libo place in guizhou	54-18997-B
n licheng place in shandong	35-52471-B
n licheng place in shanxi	71-26597-B
n lichuan city in hubei	9-6411-B
n liehyu village in taiwan	40-33681-B
n lijin place in shandong	9-7172-B
n likang village in taiwan	63-54948-B
n liling city in hunan	63-51404-B
n lincang district district in yunnan	52-60745-B
n lincheng place in hebei	52-56585-B
n lindian place in heilongjiang	33-34531-B
n linfen district district in shanxi	52-59195-B
n lingao place in hainan	52-62930-B
n lingbao city in henan	67-51265-B
n lingbi place in anhui	67-52646-B
n lingchuan place in guangxi	67-51394-B
n lingchuan place in shanxi	66-30813-B
n lingling district district in hunan	67-21787-B
n lingqiu place in shanxi	67-50569-B
n lingshan place in guangxi	67-51327-B
n lingshi place in shanxi	67-52824-B
n lingshou place in hebei	67-51145-B
n lingtai place in gansu	67-50950-B
n lingui place in guangxi	52-58642-B
n lingwu place in ningxia	67-52247-B
n lingya area in taiwan	53-64319-B
n lingyun place in guangxi	8-27055-B
n linhe city in inner mongolia	52-59696-B
n linkou place in heilongjiang	33-33383-B
n linkou village in taiwan	33-33451-B
n linli place in hunan	52-61176-B
n linlo village in taiwan	71-10755-B
n linnei village in taiwan	33-33088-B
n linpien village in taiwan	33-35217-B
n linqing city in shandong	52-60376-B
n linquan place in anhui	52-59763-B
n linshu place in shandong	52-59632-B
n linshui place in sichuan	63-35170-B
n lintan place in gansu	52-60991-B
n lintao place in gansu	52-59826-B
n lintong place in shaanxi	52-61052-B
n linwu place in hunan	52-58705-B
n linxi place in hebei	52-62355-B
n linxia city in gansu	52-56754-B
n linxiang city in hunan	52-60607-B
n linyi district district in shandong	52-59455-B
n linyi place in shandong	52-62523-B
n linyi place in shanxi	52-61235-B
n linyuan village in taiwan	33-33655-B
n linze place in gansu	52-61117-B
n linzhang place in hebei	52-60926-B
n linzhou place in tibet	33-33592-B
n linzi area in shandong	52-60159-B
n liping place in guizhou	71-26869-B
n lipu place in guangxi	54-19056-B
n liquan place in shaanxi	47-8649-B
n lishi place in shanxi	67-10390-B
n lishui district district in zhejiang	71-9641-B
n lishui place in jiangsu	39-18970-B
n litang town in kham prov of tibet	42-53795-B
n liuba place in shaanxi	43-48859-B
n liucheng place in guangxi	33-49080-B
n liuchia village in taiwan	7-68434-B
n liuchiao village in taiwan	7-68994-B
n liuchiu village in taiwan	42-57502-B
n liujiang place in guangxi	33-50027-B
n liukuei village in taiwan	7-70012-B
n liulin place in shanxi	33-49530-B
n liuyang city in hunan	40-13814-B
n liuying village in taiwan	33-50375-B
n liuyuan place in gansu	33-49017-B
n liuzhou district district in guangxi	33-49347-B
n lixin place in anhui	9-7917-B
n liyang city in jiangsu	39-19033-B
n long an place in guangxi	66-37662-B
n longchang place in sichuan	66-37789-B
n longchuan place in guangdong	71-59452-B
n longchuan place in yunnan	66-51353-B
n longde place in ningxia	66-37726-B
n longhai city in fujian	71-60154-B
n longhua place in hebei	66-37412-B
n longhui place in hunan	66-37475-B
n longjiang place in heilongjiang	71-59925-B
n longli place in guizhou	71-61722-B
n longling place in yunnan	71-62352-B
n longmen place in guangdong	71-61971-B
n longquan city in zhejiang	71-59999-B
n longquanyi area in sichuan	71-60066-B
n longshan place in hunan	71-58557-B
n longxi place in gansu	66-51479-B
n longyan district district in fujian	71-58925-B
n longyangxia place in qinghai	71-61327-B
n longyao place in hebei	66-37538-B
n longzhou place in guangxi	71-59533-B
n longzi place in tibet	66-37601-B
n lotung town in taiwan	50-59474-B
n loudi district district in hunan	18-51908-B
n loufan place in shanxi	18-52079-B
n lu an district district in anhui	7-67110-B
n luancheng place in hebei	35-19460-B
n luanchuan place in henan	35-19527-B
n luannan place in hebei	40-19192-B
n luanping place in hebei	40-19255-B
n lucheng city in shanxi	39-60885-B
n luchou city in taiwan	55-36523-B
n luchu village in taiwan	55-36818-B,60-43468-B
n luchuan place in guangxi	66-33079-B
n luchun place in yunnan	49-65056-B
n ludian place in yunnan	70-40965-B
n luding place in sichuan	40-14917-B
n lueyang place in shaanxi	43-56788-B
n lufeng place in yunnan	47-80-B
n luhe place in jiangsu	7-66631-B
n luhuo place in sichuan	41-35734-B
n lujiang place in anhui	23-16152-B
n lukang town in taiwan	71-8310-B
n luku village in taiwan	71-8577-B
n luliang place in yunnan	66-33868-B
n lulong place in hebei	45-14253-B
n lungchi village in taiwan	71-59106-B
n lungching village in taiwan	71-57616-B
n lunggar place in tibet	66-37987-B
n lungtan village in taiwan	71-60737-B
n lunpei village in taiwan	21-44428-B
n luntai place in xinjiang	61-15770-B
n luobei place in heilongjiang	55-46931-B
n luochuan place in shaanxi	37-55932-B
n luodian place in guizhou	50-60788-B
n luoding city in guangdong	50-56912-B
n luolong place in tibet	37-57250-B
n luonan place in shaanxi	37-55676-B
n luoning place in henan	37-55869-B
n luoping place in yunnan	50-57662-B
n luopu place in xinjiang	37-56436-B
n luotian place in hubei	50-60725-B
n luoyuan place in fujian	50-60054-B
n luozha place in tibet	37-56118-B
n luqu place in gansu	46-27461-B
n lushan place in henan	70-40597-B
n lushan place in sichuan	55-36460-B
n lushi place in henan	45-13540-B
n lushui place in yunnan	40-15196-B
n lutao	49-64952-B
n lutsao village in taiwan	71-8501-B
n luxi place in hunan	40-15258-B
n luxi place in yunnan	40-15369-B
n luyeh village in taiwan	71-8781-B
n luyi place in henan	71-8724-B
n luzhai place in guangxi	71-8247-B
n ma erkang place in sichuan	69-39710-B
n macheng place in hubei	71-14217-B
n machia village in taiwan	43-848-B
n maduo place in qinghai	43-735-B
n maguan place in yunnan	69-43782-B
n maigaiti place in xinjiang	71-12759-B
n mailiao village in taiwan	71-11989-B
n majiang place in guizhou	71-14721-B
n makung city in taiwan	69-33685-B
n malan place in xinjiang	69-41722-B
n malipo place in yunnan	71-14651-B
n malong place in yunnan	69-44679-B
n manasi place in xinjiang	43-1735-B
n mancheng place in hebei	39-36800-B
n manchou village in taiwan	39-38042-B
n mangkang place in tibet	53-49799-B
n mangya area in qinghai	54-9352-B
n manzhouli city in inner mongolia	39-39401-B
n maolin village in taiwan	54-6213-B
n maqin place in qinghai	43-1344-B
n maqu place in gansu	43-1220-B
n mashan place in guangxi	69-37047-B
n matou town in taiwan	71-15704-B
n meigu place in sichuan	51-5943-B
n meinung town in taiwan	51-7912-B
n meishan village in taiwan	34-10502-B
n meitan place in guizhou	39-8979-B
n meng county county in henan	19-11067-B
n mengcheng place in anhui	54-62339-B
n mengshan place in guangxi	54-62692-B
n mengyin place in shandong	54-64308-B
n mengzi place in yunnan	54-63996-B
n mianchi place in henan	40-725-B
n mianning place in sichuan	8-12524-B
n mianyang district district in sichuan	50-13622-B
n miaoli city in taiwan	53-64778-B
n midu place in yunnan	23-51491-B
n milin place in tibet	48-45587-B
n minfeng place in xinjiang	36-23044-B
n mingchien village in taiwan	12-59343-B
n mingshan place in sichuan	12-55836-B
n mingshui place in heilongjiang	31-25068-B
n mingxi place in fujian	31-25455-B
n minhsiung village in taiwan	36-23915-B
n minqin place in gansu	36-19634-B
n minqing place in fujian	65-48949-B
n miquan place in xinjiang	48-45756-B
n mishan city in heilongjiang	20-4259-B
n mito village in taiwan	23-52055-B
n miyi place in sichuan	48-45528-B
n mizhi place in shaanxi	48-46155-B
n mohe place in heilongjiang	39-47476-B
n mojiang ha nizu autonomous county county in yunnan	16-28830-B
n motuo place in tibet	16-29533-B
n mouding place in yunnan	41-50000-B
n moyu place in xinjiang	16-29108-B
n mozhugongka place in tibet	16-29168-B
n muchuan place in sichuan	37-8350-B
n mudanjiang city in heilongjiang	41-50603-B
n mudanjiang district district in heilongjiang	41-50686-B
n muleng place in heilongjiang	47-37702-B
n mutan village in taiwan	41-50891-B
n naidong place in tibet	3-9114-B
n naiman qi place in inner mongolia	18-2443-B
n namling place in tibet	10-72977-B
n nan an city in fujian	10-69180-B
n nan area in taiwan	10-67906-B
n nanao village in taiwan	11-1759-B
n nancha place in heilongjiang	10-70264-B
n nanchou village in taiwan	10-70768-B
n nanchuang village in taiwan	11-3038-B
n nandan place in guangxi	10-65904-B
n nangong city in hebei	10-69377-B
n nangqian place in qinghai	14-44611-B
n nanhe place in hebei	10-68483-B
n nanhsi village in taiwan	34-31743-B
n nanhua place in yunnan	11-3121-B
n nanhua village in taiwan	10-67430-B
n nanhui place in shanghai	10-67842-B
n nanjiang place in sichuan	11-287-B
n nanjing place in fujian	11-5492-B
n nankan village in taiwan	11-2316-B
n nankang area in taiwan	11-1063-B
n nanle place in henan	11-180-B
n nanling place in anhui	11-4934-B
n nanpi place in hebei	11-2061-B
n nanping district district in fujian	10-70959-B
n nanping place in sichuan	10-68831-B
n nanshankuang area in xinjiang	10-70171-B
n nantong district district in jiangsu	11-3936-B
n nantongkuang area in sichuan	10-73049-B
n nantou city in taiwan	10-71749-B
n nantun area in taiwan	10-69960-B
n nantzu area in taiwan	34-31673-B
n nanxi place in sichuan	11-1136-B
n nanyang district district in henan	11-5070-B
n nanyue area in hunan	10-70332-B
n nanzhang place in hubei	11-1243-B
n nanzhao place in henan	10-68353-B
n nanzheng place in shaanxi	11-4520-B
n napo place in guangxi	63-16510-B
n naqu district district in tibet	63-17031-B
n naxi place in sichuan	49-16932-B
n nayong place in guizhou	49-18333-B
n nehe city in heilongjiang	58-699-B
n neihu area in taiwan	7-29689-B
n neihuang place in henan	7-33400-B
n neijiang district district in sichuan	7-29044-B
n neimen village in taiwan	7-33012-B
n neipu village in taiwan	7-27494-B
n neiqiu place in hebei	7-26210-B
n neixiang place in henan	7-32853-B
n nenjiang district district in heilongjiang	18-59975-B
n nenjiang place in heilongjiang	18-59903-B
n niaosung village in taiwan	70-49676-B
n nierong place in tibet	51-67860-B
n nileke place in xinjiang	21-12885-B
n nima place in tibet	21-14120-B
n nimu place in tibet	21-13832-B
n ning an city in heilongjiang	20-17274-B
n ningbo district district in zhejiang	20-18306-B
n ninggang place in jiangxi	20-17342-B
n ningguo place in anhui	20-16839-B
n ninghai place in zhejiang	20-19065-B
n ninghe place in tianjin	20-18169-B
n ninghua place in fujian	20-16561-B
n ningjin place in hebei	20-17781-B
n ningjin place in shandong	20-18487-B
n ningling place in henan	20-20261-B
n ningming place in guangxi	20-17714-B
n ningnan place in sichuan	20-16625-B
n ningqiang place in shaanxi	20-17409-B
n ningshan place in shaanxi	20-20120-B
n ningwu place in shanxi	20-17844-B
n ningxiang place in hunan	20-20053-B
n ningyang place in shandong	20-20326-B
n nuannuan area in taiwan	31-59969-B
n paiho town in taiwan	44-41607-B
n paisha village in taiwan	44-41343-B
n pali village in taiwan	7-53320-B
n pan an place in zhejiang	46-37121-B
n panchiao city in taiwan	33-30422-B
n paochung village in taiwan	57-7323-B
n paoshan village in taiwan	20-29429-B
n pate city in taiwan	7-51339-B
n pei area in taiwan	10-29063-B
n peikan village in taiwan	10-34784-B
n peikang town in taiwan	10-34183-B
n peimen village in taiwan	10-36240-B
n peinan village in taiwan	10-61988-B
n peipu village in taiwan	10-29771-B
n peitou area in taiwan	10-31635-B
n peitou town in taiwan	10-31918-B
n peitun area in taiwan	10-30634-B
n peng an place in sichuan	55-7591-B
n pengshan place in sichuan	23-57444-B
n pengxi place in sichuan	55-7876-B
n pengyang place in ningxia	23-57928-B
n pianguan place in shanxi	6-13636-B
n pingba place in guizhou	22-39191-B
n pingchang place in sichuan	22-41757-B
n pingchen town in taiwan	22-45747-B
n pingding place in shanxi	22-39536-B
n pinggu place in beijing	22-45087-B
n pingguo place in guangxi	22-42131-B
n pinghe place in fujian	22-37950-B
n pinghsi village in taiwan	22-43346-B
n pinghu city in zhejiang	22-43283-B
n pingjiang place in hunan	22-42568-B
n pingle place in guangxi	22-42196-B
n pingli place in shaanxi	22-37716-B
n pingliang district district in gansu	22-42909-B
n pinglin village in taiwan	15-53842-B
n pinglu place in shanxi	22-45878-B,22-46853-B
n pingluo place in ningxia	22-44116-B
n pingnan place in fujian	21-21084-B
n pingnan place in guangxi	22-37779-B
n pingquan place in hebei	22-42635-B
n pingshan place in hebei	22-39675-B
n pingshan place in sichuan	21-21148-B
n pingshun place in shanxi	22-46787-B
n pingtan place in fujian	22-43560-B
n pingtang place in guizhou	22-39054-B
n pingtung city in taiwan	21-21320-B
n pingwu place in sichuan	22-42358-B
n pingxiang city in guangxi	25-55696-B
n pingxiang place in hebei	22-45642-B
n pingyang place in zhejiang	22-45940-B
n pingyao place in shanxi	22-45364-B
n pingyi place in shandong	22-45578-B
n pingyin place in shandong	22-45812-B
n pingyu place in henan	22-45246-B
n pishan place in xinjiang	44-65219-B
n pitou village in taiwan	15-64309-B
n potou city in hebei	37-28849-B
n produced in the nose with the tongue against the alveolar ridge	9-26190-S
n propyl ether	2-45183-B,3-37584-S
n pu an place in guizhou	31-47696-B
n pubei place in guangxi	38-9645-B
n pucheng place in fujian	38-9706-B
n pucheng place in shaanxi	55-804-B
n puding place in guizhou	31-47756-B
n puge place in sichuan	31-48859-B
n puhsin village in taiwan	15-63467-B
n pujiang place in sichuan	55-1011-B
n pujiang place in zhejiang	38-9953-B
n pulan place in tibet	31-51004-B
n puli town in taiwan	15-63543-B
n puning city in guangdong	31-48021-B
n puqi city in hubei	55-748-B
n putai town in taiwan	22-17507-B
n putian district district in fujian	54-20841-B
n putog place in tibet	46-29611-B
n putuo place in zhejiang	31-52780-B
n putzu city in taiwan	32-70106-B
n puyan village in taiwan	15-63612-B
n qian an place in hebei	62-69297-B
n qianshan place in anhui	39-58869-B
n qianwei place in sichuan	42-1497-B
n qianxi place in guizhou	71-35220-B
n qianxi place in hebei	62-69815-B
n qianyang place in hunan	71-35604-B
n qianyang place in shaanxi	10-52354-B
n qichun place in hubei	55-36229-B
n qidong city in jiangsu	13-65083-B
n qidong place in hunan	46-50879-B
n qiemo place in xinjiang	2-37325-B
n qihe place in shandong	71-53977-B
n qijiang place in sichuan	50-533-B
n qilian place in qinghai	46-50993-B
n qimen place in anhui	46-51245-B
n qin an place in gansu	47-24091-B
n qing an place in heilongjiang	25-52104-B
n qingbaijiang area in sichuan	67-56677-B
n qingchuan place in sichuan	67-55127-B
n qingfeng place in henan	38-64831-B
n qinggang place in heilongjiang	67-54854-B
n qinghe place in xinjiang	67-56188-B
n qingjian place in shaanxi	38-63425-B
n qingliu place in fujian	38-62996-B
n qinglong place in guizhou	31-55569-B
n qingpu place in shanghai	67-56252-B
n qingshen place in sichuan	67-57010-B
n qingshui place in gansu	38-62215-B
n qingshuihe place in inner mongolia	38-62280-B
n qingtian place in zhejiang	67-56609-B
n qingtongxia city in ningxia	67-59145-B
n qingxu place in shanxi	38-60599-B
n qingyang district district in gansu	25-52665-B
n qingyang place in anhui	67-59225-B
n qingyuan place in hebei	38-64497-B
n qingyuan place in zhejiang	25-51847-B
n qingyun place in shandong	25-52848-B
n qingzhen city in guizhou	38-65542-B
n qingzhou city in shandong	67-55196-B
n qinshui place in shanxi	37-2352-B
n qinyang city in henan	37-2535-B
n qinyuan place in shanxi	37-2416-B
n qinzhou district district in guangxi	35-23937-B
n qiongjie place in tibet	47-57580-B
n qiongshan city in hainan	43-7677-B
n qishan place in shaanxi	21-34309-B
n qitai place in xinjiang	18-419-B
n qitaihe city in heilongjiang	1-27067-B
n qiubei place in yunnan	2-42831-B
n qiyang place in hunan	46-51304-B
n quanjiao place in anhui	7-37897-B
n quanzhou place in guangxi	7-36434-B
n queshan place in henan	46-33692-B
n qufu city in shandong	32-6122-B
n qujing district district in yunnan	32-6378-B
n qumalai place in qinghai	32-6815-B
n qushui place in tibet	32-5001-B
n qusong place in tibet	32-6754-B
n quwo place in shanxi	32-5228-B
n quyang place in hebei	32-6181-B
n quzhou place in hebei	32-4423-B
n rangtang place in sichuan	16-35741-B
n raohe place in heilongjiang	69-20176-B
n raoping place in guangdong	69-20058-B
n raoyang place in hebei	69-20242-B
n renbu place in tibet	4-20665-B
n renhuai place in guizhou	4-21080-B
n renqiu city in hebei	4-41391-B
n renshou place in sichuan	4-20535-B
n ritu place in tibet	31-6447-B
n roll	28-54508-S
n rong an place in guangxi	56-10773-B
n rong county county in guangxi	19-65837-B
n rongchang place in sichuan	34-41366-B
n rongcheng place in hebei	19-65426-B
n rongjiang place in guizhou	34-39198-B
n ru nan place in henan	36-57433-B
n rucheng place in hunan	36-57493-B
n rudong place in jiangsu	18-30738-B
n rugao city in jiangsu	18-31293-B
n rui an city in zhejiang	42-61822-B
n ruicheng place in shanxi	53-54038-B
n ruili city in yunnan	42-63036-B
n ruo ergai place in sichuan	53-66573-B
n ruoqiang place in xinjiang	53-66649-B
n ruyang place in henan	36-57616-B
n ruzhou city in henan	36-57556-B
n saga place in tibet	55-24061-B
n sanchih village in taiwan	1-40182-B
n sangri place in tibet	34-6669-B
n sangzhi place in hunan	34-6730-B
n sanhsia town in taiwan	1-34306-B
n sanhsing village in taiwan	1-35409-B
n sani village in taiwan	1-39746-B
n sanmin area in taiwan	1-36575-B
n sanmin village in taiwan	1-36646-B
n santimen village in taiwan	1-33218-B
n sanwan village in taiwan	1-37871-B
n seda place in sichuan	53-45976-B
n shahe city in hebei	37-16240-B
n shalu town in taiwan	37-17926-B
n shandan place in gansu	21-28653-B
n shangcai place in henan	1-55293-B
n shangdu place in inner mongolia	13-61594-B
n shanghe place in shandong	13-60776-B
n shanglin place in guangxi	1-50640-B
n shangnan place in shaanxi	13-58362-B
n shangqiu district district in henan	13-57703-B
n shangrao district district in jiangxi	1-57461-B
n shangshui place in henan	13-60709-B
n shangsi place in guangxi	1-49702-B
n shangyi place in hebei	21-7619-B
n shangyu city in zhejiang	1-55358-B
n shangzhi city in heilongjiang	21-6927-B
n shangzhou city in shaanxi	13-59365-B
n shanhaiguan area in hebei	21-31235-B
n shanhua town in taiwan	14-3151-B
n shanlin village in taiwan	33-377-B
n shanshan place in xinjiang	63-34730-B
n shanshang village in taiwan	21-28486-B
n shanting area in shandong	21-28716-B
n shantou district district in guangdong	36-55853-B
n shanyang place in shaanxi	21-33438-B
n shanyin place in shanxi	21-33374-B
n shaodong place in hunan	63-19831-B
n shaoshan city in hunan	68-16648-B
n shaowu city in fujian	63-19896-B
n shaoxing district district in zhejiang	49-34570-B
n shaoyang district district in hunan	63-20032-B
n shashi city in hubei	37-15742-B
n shawan area in sichuan	37-16695-B
n shawan place in xinjiang	37-16631-B
n shaya place in xinjiang	37-17787-B
n shehong place in sichuan	20-35638-B
n shenchi place in shanxi	46-58425-B
n shenkang village in taiwan	4-61445-B,46-56930-B
n shenkeng village in taiwan	38-49288-B
n shenmu place in shaanxi	46-57961-B
n shennongjialin area in hubei	46-61662-B
n shenqiu place in henan	37-4672-B
n shenze place in hebei	38-50868-B
n shenzha place in tibet	43-43224-B
n sheqi place in henan	46-47807-B
n shetou village in taiwan	46-50587-B
n sheyang place in jiangsu	20-35947-B
n shibing place in guizhou	30-66410-B
n shidian place in yunnan	30-66346-B
n shifang place in sichuan	4-19867-B
n shihkang village in taiwan	46-6093-B
n shihlin area in taiwan	16-36164-B
n shihmen village in taiwan	46-10578-B
n shihtan village in taiwan	42-16311-B
n shihting village in taiwan	46-9377-B
n shihtzu village in taiwan	42-15985-B
n shijiazhuang district district in hebei	46-5768-B
n shijushan area in ningxia	46-4665-B
n shijushan city in ningxia	46-4589-B
n shilou place in shanxi	46-7449-B
n shiping place in yunnan	46-6029-B
n shiqian place in guizhou	46-10656-B
n shiqu place in sichuan	46-8292-B
n shiquan place in shaanxi	46-8227-B
n shiquanhe place in tibet	42-16236-B
n shishi city in fujian	46-9121-B
n shishou city in hubei	46-10966-B
n shitai place in anhui	46-4528-B
n shitanjing area in ningxia	46-8697-B
n shizhu tujiazu zizhixian place in sichuan	46-6916-B
n shizong place in yunnan	22-26285-B
n shou county county in anhui	16-39221-B
n shoufeng village in taiwan	16-39338-B
n shouguang city in shandong	16-38140-B
n shouning place in fujian	16-38392-B
n shouwangfen place in hebei	16-38956-B
n shouyang place in shanxi	16-39541-B
n shuangbai place in yunnan	66-66481-B
n shuangcheng city in heilongjiang	66-64670-B
n shuangfeng place in hunan	66-65371-B
n shuanghsi village in taiwan	66-67247-B
n shuanghu place in tibet	66-67182-B
n shuangliu place in sichuan	66-67090-B
n shuangpai place in hunan	66-67329-B
n shuangqiao area in sichuan	66-66676-B
n shuangyashan city in heilongjiang	67-2771-B
n shucheng place in anhui	53-30740-B
n shufu place in xinjiang	44-3343-B
n shuicheng place in guizhou	36-40014-B
n shuifu place in yunnan	36-40436-B
n shuili village in taiwan	36-47188-B
n shuilin village in taiwan	36-41834-B
n shuishang village in taiwan	36-37987-B
n shunchang place in fujian	68-24917-B
n shunde city in guangdong	68-23883-B
n shunyi place in beijing	68-26305-B
n shuyang place in jiangsu	37-18318-B
n sihong place in jiangsu	37-35589-B
n sihui city in guangdong	14-50881-B
n simao district district in yunnan	24-56061-B
n sinan place in guizhou	24-54450-B
n sinda place in tibet	43-30262-B
n siping district district in jilin	14-49426-B
n sishui place in shandong	37-35525-B
n siyang place in jiangsu	37-35704-B
n siziwang qi place in inner mongolia	14-48401-B
n songjiang place in shanghai	70-26505-B
n songpan place in sichuan	70-26740-B
n songxi place in fujian	70-26617-B
n songyang place in zhejiang	70-27488-B
n songzi place in hubei	70-26679-B
n ssuhu village in taiwan	14-51768-B
n suao town in taiwan	55-40135-B
n suibin place in heilongjiang	49-57026-B
n suichang place in zhejiang	62-35313-B
n suide place in shaanxi	49-56899-B
n suihua city in heilongjiang	49-56596-B
n suihua district district in heilongjiang	49-56663-B
n suijiang place in yunnan	49-56960-B
n suileng place in heilongjiang	49-57094-B
n suining place in hunan	49-56836-B
n suining place in jiangsu	45-55694-B
n suiping place in henan	62-35250-B
n suixi place in anhui	40-8084-B
n suixi place in guangdong	62-35381-B
n suiyang place in guizhou	49-57331-B
n sungshan area in taiwan	33-27775-B
n suning place in hebei	52-3307-B
n sunite youqi place in inner mongolia	55-38194-B
n sunite zuoqi place in inner mongolia	55-38299-B
n sunwu place in heilongjiang	19-14544-B
n susong place in anhui	20-609-B
n suxian district district in anhui	19-67701-B
n taan area in taiwan	17-14587-B
n taan village in taiwan	17-14919-B
n tacheng city in xinjiang	16-16750-B
n tacheng village in taiwan	17-12215-B
n tachia town in taiwan	17-28479-B
n tahe place in heilongjiang	16-17788-B
n tahsi town in taiwan	17-26037-B
n tahu village in taiwan	17-25964-B
n tai an district district in shandong	37-45957-B
n tai an place in liaoning	12-18568-B
n taian village in taiwan	37-46206-B
n taibai place in shaanxi	17-59820-B
n taicang city in jiangsu	17-55955-B
n taierzhuang area in shandong	12-17918-B
n taigu place in shanxi	17-60750-B
n taihe place in anhui	17-57228-B
n taihsi village in taiwan	12-19806-B
n taijiang place in guizhou	12-19104-B
n taikang place in henan	17-59122-B
n tailai place in heilongjiang	37-45323-B
n taimali village in taiwan	17-62691-B
n taining place in fujian	37-46281-B
n taipao city in taiwan	17-55802-B
n taipusi banner place in inner mongolia	17-56084-B
n taiqian place in henan	12-18009-B
n taishan city in guangdong	12-18631-B
n taishan village in taiwan	37-46498-B
n taishun place in zhejiang	37-48918-B
n taitung city in taiwan	12-19041-B
n taiwu village in taiwan	37-47429-B
n taixing city in jiangsu	37-48287-B
n taizhou district in zhejiang	12-18773-B
n tajen village in taiwan	62-52614-B
n tali city in taiwan	17-37204-B
n taliao village in taiwan	17-15482-B
n talin town in taiwan	17-22369-B
n tancheng place in shandong	63-24941-B
n tanei village in taiwan	17-6402-B
n tanggu area in tianjin	16-19050-B
n tanghai place in hebei	13-52390-B
n tanghe place in henan	13-52329-B
n tangshan district district in hebei	13-51586-B
n tangyin place in henan	39-15111-B
n tangyuan place in heilongjiang	39-14592-B
n tanshui town in taiwan	38-43644-B
n tantzu village in taiwan	39-62489-B
n taojiang place in hunan	34-2988-B
n taole place in ningxia	66-31353-B
n taoyuan place in hunan	34-3053-B
n taoyuan village in taiwan	34-3270-B
n tapi village in taiwan	17-12501-B
n tapu village in taiwan	17-12428-B
n tashe village in taiwan	17-29496-B
n tashu village in taiwan	17-23191-B
n tatsun village in taiwan	17-21995-B
n tatu village in taiwan	17-31821-B
n tatung area in taiwan	17-9112-B
n tatung village in taiwan	17-9373-B
n tawu village in taiwan	17-23504-B
n taya village in taiwan	17-39606-B
n tayuan village in taiwan	17-11039-B
n tengchong place in yunnan	69-54364-B
n tengzhou city in shandong	39-30837-B
n tian e place in guangxi	17-46610-B
n tianchang city in anhui	17-54348-B
n tiandeng place in guangxi	17-52439-B
n tiandong place in guangxi	43-37647-B
n tianjun place in qinghai	17-46672-B
n tianlin place in guangxi	43-37714-B
n tianquan place in sichuan	17-44122-B
n tianshui district district in gansu	17-49047-B
n tianyang place in guangxi	43-38450-B
n tianzhen place in shanxi	17-54282-B
n tianzhu place in guizhou	17-48466-B
n tiefa city in liaoning	65-3844-B
n tieli city in heilongjiang	65-2368-B
n tieling district district in liaoning	65-2672-B
n tienchung town in taiwan	43-37043-B
n tienliao village in taiwan	43-37226-B
n tienwei village in taiwan	43-37307-B
n toba place in tibet	18-36387-B
n tong an place in fujian	12-46496-B
n tongbai place in henan	34-5871-B
n tongcheng place in anhui	34-5563-B
n tongcheng place in hubei	62-9084-B
n tongde place in qinghai	12-47037-B
n tongguan place in shaanxi	39-64847-B
n tonghai place in yunnan	62-10619-B
n tonghe place in heilongjiang	62-10551-B
n tonghua district district in jilin	62-8312-B
n tongjiang city in heilongjiang	12-49008-B
n tongjiang place in sichuan	62-10482-B
n tongliang place in sichuan	64-30516-B
n tonglu place in zhejiang	34-5701-B
n tongnan place in sichuan	39-64782-B
n tongren place in qinghai	12-45379-B
n tongshan place in hubei	62-9367-B
n tongshan place in jiangsu	64-30200-B
n tongshi city in hainan	62-6854-B
n tongwei place in gansu	62-10683-B
n tongxiang city in zhejiang	34-5997-B
n tongxu place in henan	62-13843-B
n tongzi place in guizhou	34-5934-B
n toucheng town in taiwan	68-36841-B
n toufen town in taiwan	68-36175-B
n touliu city in taiwan	30-33745-B
n tounan town in taiwan	30-33806-B
n touwu village in taiwan	68-37192-B
n tsaochiao village in taiwan	62-18617-B
n tsaotun town in taiwan	54-14360-B
n tsochen village in taiwan	21-59578-B
n tsoying area in taiwan	21-59134-B
n tucheng city in taiwan	15-30166-B
n tuku town in taiwan	15-30968-B
n tumote youqi place in inner mongolia	15-33165-B
n tumote zuoqi place in inner mongolia	15-33270-B
n tunchang place in hainan	21-28112-B
n tungho village in taiwan	33-20322-B
n tunghsiao town in taiwan	62-15782-B
n tungkang town in taiwan	33-21009-B
n tunglo village in taiwan	64-30805-B
n tungshan village in taiwan	8-16181-B,33-17898-B
n tungshih town in taiwan	33-15401-B
n tungshih village in taiwan	33-15321-B,33-22215-B
n tungyin village in taiwan	33-18468-B
n tunliu place in shanxi	21-28319-B
n tuoketuo place in inner mongolia	26-51451-B
n tuokexun place in xinjiang	26-51574-B
n tuoli place in xinjiang	26-52539-B
n tzukuan village in taiwan	34-13134-B
n tzutung village in taiwan	54-27808-B
n wafangdian city in liaoning	43-10792-B
n waipu village in taiwan	16-46547-B
n wan county county in hebei	19-38158-B
n wanding city in yunnan	44-625-B
n wangan village in taiwan	32-46013-B
n wangcang place in sichuan	31-17482-B
n wangcheng place in hunan	32-45559-B
n wangdu place in hebei	32-47074-B
n wangjiang place in anhui	32-46366-B
n wangkui place in heilongjiang	32-45680-B
n wangmo place in guizhou	32-46868-B
n wanhua area in taiwan	54-47550-B
n wanjung village in taiwan	54-45698-B
n wanli village in taiwan	54-48108-B
n wanluan village in taiwan	54-44779-B
n wanning place in hainan	54-44567-B
n wanquan place in hebei	54-43618-B
n wanrong place in shanxi	54-45634-B
n wanshan area in guizhou	54-44695-B
n wantan village in taiwan	54-42981-B
n wanxian district district in sichuan	54-46990-B
n wanyuan city in sichuan	54-46290-B
n wei county county in hebei	18-48605-B
n weichang place in hebei	15-21780-B
n weifang district district in shandong	40-11117-B
n weihui city in henan	56-38861-B
n weinan district district in shaanxi	39-4955-B
n weishan place in shandong	24-18993-B
n weishi place in henan	20-42142-B
n weixin county county in guizhou	18-45074-B
n weiyuan place in gansu	39-5347-B
n weiyuan place in sichuan	18-48965-B
n wenbu place in tibet	30-31231-B
n wenchang place in hainan	30-28304-B
n wencheng place in zhejiang	30-28061-B
n wenfengzhen place in gansu	30-27737-B
n weng an place in guizhou	43-11964-B
n wenjiang district district in sichuan	39-22209-B
n wenjiang place in sichuan	39-22142-B
n wenling city in zhejiang	39-20587-B
n wenshan area in taiwan	30-27664-B
n wenshan place in yunnan	30-27600-B
n wenshang place in shandong	36-64969-B
n wenshui place in shanxi	30-29405-B
n wenxi place in shanxi	51-57094-B
n wu an city in hebei	35-45869-B
n wubu place in shaanxi	13-57-B
n wuchang place in hubei	35-47018-B
n wucheng place in shandong	35-45144-B
n wuchi town in taiwan	34-15656-B
n wuchieh village in taiwan	3-52913-B
n wuchiu village in taiwan	40-35154-B
n wuchuan city in guangdong	13-232-B
n wuchuan place in inner mongolia	35-46454-B
n wudalianchi city in heilongjiang	3-48659-B
n wudi place in shandong	40-54964-B
n wuding place in yunnan	35-45995-B
n wufeng place in hubei	3-49457-B
n wufeng village in taiwan	3-49657-B,67-45665-B
n wugang city in henan	53-32904-B
n wugang city in hunan	35-46394-B
n wugong place in shaanxi	35-44345-B
n wuhe place in anhui	3-51437-B
n wujiang city in jiangsu	13-888-B
n wujin place in jiangsu	35-49189-B
n wuku village in taiwan	3-53234-B
n wulai village in taiwan	40-34639-B
n wulan place in qinghai	40-38026-B
n wulate houqi place in inner mongolia	40-36258-B
n wulate qianqi place in inner mongolia	40-36151-B
n wulate zhongqi place in inner mongolia	40-36042-B
n wulian place in shandong	3-54250-B
n wulong place in sichuan	35-49541-B
n wuming place in guangxi	35-49604-B
n wuqi place in shaanxi	13-717-B
n wuqiang place in hebei	35-46805-B
n wuqiao place in hebei	13-827-B
n wuqing place in tianjin	35-47618-B
n wushan place in gansu	35-46333-B
n wushen qi place in inner mongolia	40-35392-B
n wusheng place in sichuan	35-44718-B
n wushi place in xinjiang	40-34508-B
n wusu place in xinjiang	40-37677-B
n wutai village in taiwan	67-45590-B
n wutongqiao area in sichuan	3-55161-B
n wuwei district district in gansu	35-45698-B
n wuxi place in sichuan	21-62920-B
n wuxiang place in shanxi	35-49418-B
n wuxuan place in guangxi	35-46057-B
n wuyang place in henan	53-32964-B
n wuyi place in hebei	35-49250-B
n wuyi place in zhejiang	35-48219-B
n wuyuan place in inner mongolia	3-47792-B
n wuzhai place in shanxi	3-49395-B
n wuzhi place in henan	35-49482-B
n wuzhou district district in guangxi	34-15251-B
n xia county county in shanxi	16-41572-B
n xiahe place in gansu	16-41045-B
n xiahuayuan area in hebei	1-62563-B
n xiajin place in shandong	16-41426-B
n xiangcheng place in henan	57-9755-B
n xiangcheng place in sichuan	63-29910-B
n xiangfen place in shanxi	57-9985-B
n xianghuangqi place in inner mongolia	65-7919-B
n xiangning place in shanxi	63-29981-B
n xiangshan place in zhejiang	59-23036-B
n xiangshui place in jiangsu	68-19113-B
n xiangtan district district in hunan	39-12341-B
n xiangxiang city in hunan	39-12809-B
n xiangyang district district in hubei	57-10118-B
n xiangyang place in hubei	57-10051-B
n xiangyin place in hunan	39-12877-B
n xiangyuan place in shanxi	57-9687-B
n xiangyun place in yunnan	46-63581-B
n xiangzhou place in guangxi	59-23106-B
n xianju place in zhejiang	4-28970-B
n xianning district in hubei	13-30035-B
n xianyang district district in shaanxi	13-30507-B
n xiaogan district district in hubei	19-9495-B
n xiaojin place in sichuan	21-1540-B
n xiaoshan city in zhejiang	55-16674-B
n xiaoyi city in shanxi	19-9924-B
n xiapu place in fujian	67-45174-B
n xiayi place in henan	16-41817-B
n xichong place in sichuan	57-13093-B
n xichou place in yunnan	57-20965-B
n xichuan place in henan	38-40300-B
n xide place in sichuan	14-8212-B
n xietongmen place in tibet	58-57485-B
n xifeng city in gansu	57-16553-B
n xihe place in gansu	57-14225-B
n xihua place in henan	57-21782-B
n xiji place in ningxia	57-14106-B
n xilin place in guangxi	57-18583-B
n xin an place in henan	30-46904-B
n xinan zhongsha islands by hainan	57-13694-B
n xinba erhu youqi place in inner mongolia	30-47495-B
n xinba erhu zuoqi place in inner mongolia	30-47615-B
n xincai place in henan	30-56196-B
n xinchang place in zhejiang	30-49201-B
n xincheng place in guangxi	24-50516-B
n xindu place in sichuan	30-57427-B
n xing an place in guangxi	53-23975-B
n xinghai place in qinghai	53-24871-B
n xinghe place in inner mongolia	53-23274-B
n xinghua city in jiangsu	53-23210-B
n xingping city in shaanxi	53-24482-B
n xingren place in guizhou	53-22950-B
n xingshan place in hubei	53-24417-B
n xingtai district district in hebei	63-15716-B
n xingtang place in hebei	56-32049-B
n xingwen place in sichuan	53-24599-B
n xinhe place in hebei	30-50943-B
n xinhe place in xinjiang	30-45207-B
n xinji city in hebei	61-33667-B
n xinjiang place in shanxi	30-53622-B
n xinjin place in sichuan	30-51065-B
n xinle city in hebei	30-50089-B
n xinlong place in sichuan	30-58473-B
n xinning place in hunan	30-47236-B
n xinshao place in hunan	30-57313-B
n xintai city in shandong	30-51002-B
n xintian place in hunan	30-52302-B
n xinxiang district district in henan	30-57563-B
n xinyang district district in henan	5-46953-B
n xinye place in henan	30-57810-B
n xinyi city in jiangsu	30-50883-B
n xinyuan place in xinjiang	30-51501-B
n xinzheng city in henan	30-57746-B
n xinzhou district district in shanxi	24-50764-B
n xinzhou place in hubei	30-51128-B
n xiping place in henan	57-16922-B
n xishan area in yunnan	57-16411-B
n xishui place in guizhou	51-18739-B
n xishui place in hubei	38-9069-B
n xiuwen place in guizhou	5-47922-B
n xiuwu place in henan	5-48225-B
n xiwuzhumuqin qi place in inner mongolia	57-20330-B
n xixia place in henan	57-16613-B
n xixiang place in shaanxi	57-23430-B
n xiyang place in shanxi	31-28536-B
n xuan en place in hubei	19-54612-B
n xuanhan place in sichuan	19-55101-B
n xuanhua place in hebei	19-54138-B
n xuanwei city in yunnan	19-54417-B
n xuanzhou city in anhui	19-54480-B
n xuchang district district in henan	58-3997-B
n xuecheng area in shandong	55-22185-B
n xunke place in heilongjiang	62-59382-B
n xunyang place in shaanxi	31-16626-B
n xunyi place in shaanxi	31-16565-B
n xupu place in hunan	39-55173-B
n xushui place in hebei	24-4274-B
n xuwen place in guangdong	24-4508-B
n xuyong place in sichuan	30-658-B
n xuzhou district district in jiangsu	24-3815-B
n ya an district district in sichuan	66-54939-B
n yadong place in tibet	3-59472-B
n yajiang place in sichuan	66-55561-B
n yakeshi city in inner mongolia	41-46407-B
n yan an district district in shaanxi	23-16751-B
n yanbian place in sichuan	71-7652-B
n yanchao village in taiwan	41-29004-B
n yancheng area in taiwan	71-6852-B
n yancheng place in henan	63-28151-B
n yanchuan place in shaanxi	23-17158-B
n yangcheng place in shanxi	66-35005-B
n yangchun city in guangdong	66-35520-B
n yangdong place in guangdong	66-35795-B
n yanggao place in shanxi	66-37038-B
n yanggu place in shandong	66-36679-B
n yangling area in shaanxi	34-29577-B
n yangmei town in taiwan	34-28250-B
n yangqu place in shanxi	66-35666-B
n yangshuo place in guangxi	66-35728-B
n yangxi place in guangdong	66-36614-B
n yangxin place in hubei	66-35457-B
n yangxin place in shandong	66-34748-B
n yangyuan place in hebei	66-34940-B
n yangzhong city in jiangsu	28-44614-B
n yanjin place in henan	23-17947-B
n yanjin place in yunnan	71-7203-B
n yanjing place in tibet	71-6484-B
n yanling place in henan	63-32625-B
n yanping village in taiwan	23-17225-B
n yanpu village in taiwan	71-6777-B
n yanqing place in beijing	23-17482-B
n yanshan place in hebei	71-6927-B
n yanshan place in yunnan	46-26958-B
n yanshou place in heilongjiang	23-16577-B
n yanshui town in taiwan	71-6990-B
n yantai district district in shandong	41-1905-B
n yanting place in sichuan	71-6547-B
n yanyuan place in sichuan	71-7325-B
n yanzhou city in shandong	7-22914-B
n yao an place in yunnan	18-42024-B
n yecheng place in xinjiang	54-51562-B
n yi an place in heilongjiang	5-24412-B
n yibin district district in sichuan	19-50606-B
n yichang district district in hubei	19-49554-B
n yicheng area in shandong	21-48673-B
n yicheng city in hubei	19-49218-B
n yicheng place in shanxi	51-23999-B
n yichuan place in henan	4-48647-B
n yichuan place in shaanxi	19-49416-B
n yichun city in heilongjiang	4-49525-B
n yichun district district in jiangxi	19-49876-B
n yijinhuo luo qi place in inner mongolia	4-52350-B
n yijun place in shaanxi	19-49157-B
n yilan place in heilongjiang	5-25720-B
n yiliang place in yunnan	19-50180-B,23-53497-B
n yilong place in sichuan	6-54534-B
n yima city in henan	51-14504-B
n yimen place in yunnan	31-28328-B
n yinan place in shandong	37-2634-B
n yingcheng city in hubei	25-59135-B
n yingjiang place in yunnan	45-2204-B
n yingjing place in sichuan	39-28061-B
n yingjisha place in xinjiang	54-1863-B
n yingko town in taiwan	70-58321-B
n yingshan place in hubei	54-3265-B
n yingshan place in sichuan	41-31162-B
n yinjiang tujiazu miaozu zizhixian place in guizhou	11-20521-B
n yishan place in guangxi	19-49353-B
n yishui place in shandong	37-2696-B
n yiwu place in xinjiang	4-48054-B
n yixing city in jiangsu	19-50118-B
n yiyang district district in hunan	45-2860-B
n yiyang place in henan	19-50781-B
n yiyuan place in shandong	37-2760-B
n yizhang place in hunan	19-50055-B
n yizheng city in jiangsu	6-54285-B
n yong an city in fujian	36-50134-B
n yongchang place in gansu	36-51574-B
n yongcheng place in henan	36-49936-B
n yongchuan district district in sichuan	36-50706-B
n yongchun place in fujian	36-51641-B
n yongde place in yunnan	36-51196-B
n yongdeng place in gansu	36-52302-B
n yongfu place in guangxi	36-52481-B
n yongji city in shanxi	36-52043-B
n yongji district district in jilin	36-49227-B
n yongjing place in gansu	36-53096-B
n yongkang city in zhejiang	36-51099-B
n yongnian place in hebei	36-51034-B
n yongning place in guangxi	63-14706-B
n yongning place in ningxia	36-50593-B
n yongping place in yunnan	36-50968-B
n yongren place in yunnan	36-48722-B
n yongshan place in yunnan	36-49504-B
n yongsheng place in yunnan	36-49085-B
n yongshou place in shaanxi	36-50003-B
n yongshun place in hunan	36-53243-B
n yongtai place in fujian	36-51905-B
n yongxing place in hunan	36-52544-B
n youxi place in fujian	21-8323-B
n youyu place in shanxi	12-23353-B
n yuan an place in hubei	62-60578-B
n yuanchang village in taiwan	6-63425-B
n yuanjiang city in hunan	37-4043-B
n yuanli town in taiwan	53-64153-B
n yuanlin town in taiwan	13-41922-B
n yuanling place in hunan	37-4242-B
n yuanmou place in yunnan	6-63294-B
n yuanping city in shanxi	11-33064-B
n yuanqu place in shanxi	15-57123-B
n yuanshan village in taiwan	13-41780-B
n yuanshi place in hebei	6-62701-B
n yuanyang place in henan	11-35820-B
n yuanyang place in yunnan	6-63508-B
n yucheng city in shandong	47-10168-B
n yucheng place in henan	55-54962-B
n yuchih village in taiwan	70-37271-B
n yuching village in taiwan	42-29402-B
n yuci city in shanxi	34-38772-B
n yuechi place in sichuan	21-37543-B
n yuepuhu place in xinjiang	21-37423-B
n yueqing city in zhejiang	34-49476-B
n yuexi place in anhui	21-37652-B
n yuexi place in sichuan	60-27608-B
n yuhang city in zhejiang	69-16043-B
n yuhuan place in zhejiang	42-31105-B
n yuli place in xinjiang	20-42203-B
n yuli town in taiwan	42-32275-B
n yulin district district in guangxi	42-30333-B
n yulin district district in shaanxi	34-38374-B
n yumen city in gansu	42-32344-B
n yumin place in xinjiang	56-56040-B
n yunan place in guangdong	70-30438-B
n yuncheng district district in shanxi	62-39820-B
n yuncheng place in shandong	63-29403-B
n yungan village in taiwan	36-50196-B
n yungching village in taiwan	36-53161-B
n yungkang city in taiwan	36-51099-B
n yunhe place in zhejiang	67-18047-B
n yunlong place in yunnan	67-19472-B
n yunmeng place in hubei	67-18109-B
n yunxi place in hubei	63-31640-B
n yunxiao place in fujian	67-19248-B
n yunyang place in sichuan	67-19137-B
n yuqing place in guizhou	69-15848-B
n yushe place in shanxi	34-38829-B
n yutai place in shandong	70-36689-B
n yutian place in hebei	42-31169-B
n yutian place in xinjiang	30-65016-B
n yuxi district district in yunnan	42-30936-B
n yuzhong place in gansu	34-38155-B
n yuzhou city in henan	47-10233-B
n za nang place in tibet	26-39164-B
n zaduo place in qinghai	67-4233-B
n zalute qi place in inner mongolia	26-39906-B
n zaoqiang place in hebei	34-21885-B
n zaoyang city in hubei	34-22194-B
n zedang place in tibet	40-1637-B
n zeku place in qinghai	40-1518-B
n zengcheng city in guangdong	16-26551-B
n zepu place in xinjiang	40-1577-B
n zhada place in tibet	32-67863-B
n zhalaiteqi place in jilin	26-39746-B
n zhalantun city in heilongjiang	26-39665-B
n zhangbei place in hebei	23-37706-B
n zhangjiakou district district in hebei	23-38576-B
n zhangpu place in fujian	39-55014-B
n zhangqiu city in shandong	47-63560-B
n zhangye district district in gansu	23-39957-B
n zhangzi place in shanxi	65-12912-B
n zhanhua place in shandong	37-25960-B
n zhanjiang city in guangdong	39-13047-B
n zhao an place in fujian	58-6831-B
n zhaodong city in heilongjiang	52-4764-B
n zhaojue place in sichuan	31-37362-B
n zhaoping place in guangxi	31-37158-B
n zhaosu place in xinjiang	31-37298-B
n zhaotong district district in yunnan	31-37503-B
n zhaoyuan place in heilongjiang	52-4835-B
n zhaozhou place in heilongjiang	52-4426-B
n zhashui place in shaanxi	33-45190-B
n zhecheng place in henan	33-44815-B
n zhen an place in shaanxi	64-54131-B
n zhenba place in shaanxi	64-54330-B
n zhenfeng place in guizhou	59-31035-B
n zheng an place in guizhou	35-35631-B
n zhengding place in hebei	35-35697-B
n zhenghe place in fujian	29-53992-B
n zhenglanqi place in inner mongolia	35-38953-B
n zhengning place in gansu	35-35871-B
n zhengxiangbai qi place in inner mongolia	35-39391-B
n zhengyang place in henan	35-39641-B
n zhenhai place in zhejiang	64-54857-B
n zhenjiang district district in jiangsu	64-54603-B
n zhenkang place in yunnan	64-54458-B
n zhenping place in henan	64-54393-B
n zhenping place in shaanxi	64-53918-B
n zhenyuan place in gansu	64-53802-B
n zhenyuan place in guizhou	64-55257-B
n zherong place in fujian	33-44880-B
n zhicheng city in hubei	33-38210-B
n zhidan place in shaanxi	24-44507-B
n zhiduo place in qinghai	37-24345-B
n zhijiang place in hubei	33-38318-B
n zhijin place in guizhou	50-40395-B
n zhongba place in tibet	4-41006-B
n zhongjiang place in sichuan	2-75089-B
n zhongmou place in henan	2-76011-B
n zhongning place in ningxia	2-68996-B
n zhongyang place in shanxi	3-0-B
n zhoucun area in shandong	13-12716-B
n zhoukou district in henan	13-11115-B
n zhouning place in fujian	13-11617-B
n zhouqu place in gansu	53-33447-B
n zhouzhi place in shaanxi	13-13839-B
n zhuanghe city in liaoning	54-21544-B
n zhuanglang place in gansu	54-21611-B
n zhumadian district in henan	69-48721-B
n zhunge er qi place in inner mongolia	39-16979-B
n zhuolu place in hebei	38-39730-B
n zhuoni place in gansu	10-63206-B
n zhuozhou city in hebei	38-39666-B
n zhuozi place in inner mongolia	10-63567-B
n zhushan place in hubei	48-2275-B
n zhuxi place in hubei	48-2810-B
n zichang place in shaanxi	19-2186-B
n zichuan area in shandong	38-40182-B
n zigui place in hubei	47-25878-B
n zijin place in guangdong	49-30022-B
n zitong place in sichuan	34-13212-B
n zixing city in hunan	59-53132-B
n ziyang place in shaanxi	49-30266-B
n zizhong place in sichuan	59-50806-B
n zizhou place in shaanxi	19-1723-B
n zongyang place in anhui	34-50300-B
n zouping place in shandong	63-31256-B
n zunhua city in hebei	62-68180-B
n zunyi district district in guizhou	62-68726-B
n zuogong place in tibet	21-59306-B
n zuoyun place in shanxi	21-59657-B
n2o	1-13362-S
na	2-35241-B,18-50809-S,64-21116-S
na form of chinese manual therapy	28-30890-S
na youqi place in inner mongolia	68-43759-S
na zuoqi place in inner mongolia	68-43876-S
na2co3	49-20892-S
na2s2o3 hypo	35-20188-S
na2s2o3 used in fixing photos formerly hyposulphite	38-20861-S
na3po4	46-41941-S
na5	13-2739-S
naan	69-20997-B
naclo3	36-36894-S
nacn	36-37238-S
nadam or games	63-17620-B
nadir	32-18846-B
nadir of one s fortunes	4-69633-B
nadu state in india	37-47987-S
naengmyeon korean dish based on cold noodles in soup	8-23953-B
nag	12-7520-S,14-39-B,14-31803-S,14-44082-S,14-44678-B,27-65622-S
nag inferior horse	60-49214-B
nagano prefecture	65-20555-B
nagarjuna bodhisattva	71-59837-S
nagarjuna nagarjuna bodhisattva	71-59837-B
nagasaki japanese city	65-13997-B
nagchu city in tibet	63-17120-B
nagchu prefecture in tibet	63-16953-B
nagchu town in central tibet	63-16892-B
nagoya	12-54638-B,25-36956-S,63-16462-B
naguib first president of the republic of egypt	49-15882-S
nahiyisi or jinghe county in brtala mongol autonomous prefecture  	48-53979-S,48-54140-S
nahiyisi or wenquan county in brtala mongol autonomous prefecture  	39-22308-S,39-22601-S
nahshon name	49-18220-B
nahum	49-18474-B,63-17715-S
nai	46-29109-S
nai3 	36-24494-S
naiad	47-30902-B
naian 1296 1371	30-66561-S
naian 	36-43602-S,36-43708-S
naidong place in tibet	3-9114-S
nail	27-52050-S,64-18259-B,64-18287-B
nail and slice iron  saw	30-38655-S
nail clipper	27-60483-B
nail in one s eye	45-48047-S
nail on the head	35-38013-S
nail polish	27-60539-B
nails and feathers etc	57-45930-S
naiman qi place in inner mongolia	18-2443-S
nairobi capital of kenya	7-30816-B
naive	17-51739-B,22-54687-B,38-34571-B,51-27588-B
najaf city in iraq	49-15681-B
najjari 13th century	32-67922-S,32-68028-S,49-30511-S,49-30616-S
nakajima name	2-70435-B
nakamura japanese name	2-73483-B
nakashima name	2-70435-B
nakata	2-76432-S
nakayama	2-69526-B
nakayama nariaki 1943 	2-70052-B
nakchu in central tibet	49-16795-S
naked	1-17545-S,7-7041-B,10-60165-S,44-61618-S,52-32368-S,52-53662-B,57-3010-B,57-3305-B,60-5627-B,60-6827-B,60-6871-B,60-6978-B,60-7018-S,67-48582-B
naked eye	45-17480-S,52-6247-B,52-6304-S,68-51138-S
naked sword	44-36868-B
nakhi ethnic group in yunnan	49-17736-B
nakhi ethnic minority of lijiang   in northwest yunnan	33-18153-S
nakhi golden flower	13-38343-S
nakhodka city in russia	49-18396-B
nalat grasslands	63-16625-B
nam	64-11596-S
nam north korean deputy premier and foreign minister	64-11746-S
namcha barwa himalayan mountain	11-3762-B
name	1-25854-S,1-41392-S,1-41466-S,2-806-S,2-42782-S,2-70435-S,2-70435-S,2-73483-S,2-79948-S,2-83692-S,2-83692-S,3-2036-S,3-2102-S,3-57778-S,3-57907-S,3-59006-S,3-59064-S,3-60106-S,3-60106-S,3-61919-S,4-1445-S,4-1635-S,4-7381-S,4-15184-S,4-23022-S,4-33018-S,4-36286-S,4-37632-S,4-47600-S,4-51299-S,4-52650-S,4-53040-S,4-59296-S,4-64679-S,4-65728-S,5-4273-S,5-25129-S,5-37802-S,5-37846-S,5-51329-S,6-6914-S,6-6914-S,6-27300-S,6-27403-S,6-27774-S,7-14873-S,7-15090-S,7-15231-S,7-16084-S,7-16767-S,7-17262-S,7-18067-S,7-18111-S,7-18442-S,7-18442-S,7-18516-S,7-19281-S,7-22979-S,7-40630-S,8-10853-S,8-29678-S,8-29866-S,8-30155-B,8-61320-S,8-66005-S,8-66232-S,9-3403-S,9-4205-S,9-4205-S,9-16665-S,9-21433-S,9-55593-S,9-58006-S,9-58265-S,9-59518-S,9-65399-S,10-4543-S,10-18970-S,10-20891-S,11-7862-S,11-8779-S,11-13030-S,11-13595-S,11-14511-S,11-14808-S,11-15350-S,11-15430-S,11-15706-S,11-15762-S,11-16065-S,11-16477-S,11-30998-S,11-39121-S,11-41689-S,11-58040-S,12-597-S,12-3199-S,12-3270-S,12-3559-S,12-4429-S,12-21472-S,12-22407-S,12-22467-S,12-38756-S,12-39175-S,12-40650-S,12-53008-B,12-53114-S,12-53164-S,12-55430-S,12-57814-S,12-58359-S,13-20071-B,13-33413-S,13-34228-S,13-37237-S,13-38998-S,13-40568-S,13-52661-S,14-14513-S,14-14796-S,15-39493-S,15-54347-S,15-56944-S,15-57630-S,15-58402-S,15-59409-S,15-60240-S,15-63723-S,15-63883-S,15-66132-S,16-7001-S,16-9326-S,16-17916-S,16-19729-S,16-29300-S,16-35894-S,16-41183-S,16-53220-S,16-60006-S,17-7289-S,17-12676-S,17-34434-S,18-13029-S,18-13488-S,18-13708-S,18-13808-S,18-14057-S,18-14622-S,18-17169-S,18-36718-S,18-36988-S,18-40623-S,18-40623-B,18-40723-S,18-45228-S,18-45287-S,18-46722-S,18-48161-S,18-49272-S,18-50948-S,18-51371-S,18-54381-S,18-54780-S,18-56560-S,19-17100-S,19-26506-S,19-26550-S,19-28241-S,19-32814-S,19-61234-S,20-1404-S,20-61336-S,20-66652-S,20-68877-S,21-126-S,21-8383-S,21-12647-S,21-12690-S,21-29381-S,21-29883-S,21-35441-S,21-38941-S,21-43061-S,21-46556-S,21-48981-S,22-3487-S,22-10397-S,22-13677-S,22-14063-S,22-15349-S,22-15856-S,22-17134-S,22-17354-S,22-17354-S,22-17898-S,22-20536-S,22-20952-S,22-22145-S,22-22934-S,22-23210-S,22-23642-S,22-23711-S,22-23830-S,22-27090-S,22-49426-S,22-50895-S,22-50895-S,22-65729-S,23-658-S,23-1464-S,23-3109-S,23-4495-S,23-31822-S,23-31822-S,23-32371-S,23-32436-S,23-32491-S,23-32546-S,23-32722-S,23-32877-S,23-41448-S,23-41525-S,23-60861-S,23-61001-S,23-61241-S,23-61601-S,24-7187-S,24-27945-S,24-67853-S,25-18052-S,25-19803-S,25-34399-S,25-34457-S,25-34692-S,25-36769-S,25-37164-S,25-37367-S,25-38016-S,25-38105-S,25-38456-S,25-44349-S,26-4685-S,26-23457-S,26-24074-S,26-29408-S,26-52026-S,26-52954-S,27-23842-S,27-24126-S,27-54943-S,27-55272-S,27-57417-S,28-11033-S,29-1171-S,29-1537-S,29-1883-S,29-7943-S,29-8282-S,29-8601-S,29-39787-S,29-43942-S,29-65598-S,30-10136-S,30-39325-S,30-39473-S,30-39530-S,30-40136-S,30-40320-S,30-41967-S,30-42531-S,30-42615-S,30-42732-S,30-43477-S,30-62481-S,30-66153-S,30-66475-S,31-17717-S,31-17927-S,31-27342-S,31-28805-S,31-50835-S,31-52711-S,32-7391-S,32-31078-S,32-31208-S,32-53113-S,32-59774-S,32-61299-S,32-62915-S,32-65564-S,32-66211-S,32-68461-S,32-69434-S,33-9166-S,33-25098-S,33-34115-S,33-45540-S,33-46197-S,33-65978-S,33-66383-S,34-10755-S,34-10927-S,34-11736-S,34-21375-S,34-30197-S,35-27129-S,35-27963-S,35-27963-S,35-34509-S,36-11175-S,36-17795-S,36-17795-S,36-56114-S,37-3714-S,37-4625-S,37-17072-S,37-18240-S,37-31842-S,37-32517-S,37-33086-S,37-33219-S,37-33401-S,37-33993-S,37-35486-S,37-38803-S,37-41977-S,37-45391-S,37-48212-S,38-15715-S,38-39632-S,39-5410-S,39-14664-S,39-14872-S,39-15051-S,39-21937-S,39-23808-S,39-28027-S,39-49442-S,39-49511-S,40-239-S,40-13208-S,40-14854-S,40-15698-S,40-16217-S,40-40169-S,41-21007-S,41-43579-S,41-43611-S,41-49376-S,42-5674-S,42-15140-S,42-35236-S,42-48359-S,42-55505-S,42-55552-S,42-55609-S,42-58808-S,43-673-S,43-966-S,43-1277-S,43-1937-S,43-1996-S,43-2050-S,43-7856-S,43-11325-S,43-11557-S,43-11684-S,43-35285-S,43-36461-S,43-56980-S,44-24756-S,44-24814-S,44-64859-S,45-12936-S,45-13077-S,45-14704-B,45-27190-S,45-40175-S,45-61335-S,46-23641-S,47-4554-S,47-5485-S,47-6497-S,47-19700-S,47-34257-S,47-34862-S,47-34862-S,47-35042-B,48-14655-S,48-40130-S,48-44627-S,48-45646-S,48-45820-S,48-46565-S,49-3916-S,49-5484-S,49-5715-S,49-6063-S,49-6465-S,49-6465-S,49-6465-S,49-7669-S,49-18120-S,49-18220-S,49-18650-S,49-26726-S,49-27311-S,49-27423-S,49-27520-S,49-52599-S,50-1365-S,50-4239-S,50-48245-S,50-51003-S,50-55437-S,50-58988-S,50-59548-S,50-60638-S,50-61364-S,50-62010-S,50-62328-S,51-8025-S,51-40227-S,52-13492-S,52-20727-S,53-31197-S,53-46717-S,53-46873-S,53-47235-S,53-48359-S,53-48715-S,54-10055-S,54-10110-S,54-20737-S,54-22058-S,54-24442-S,54-24442-S,54-24589-S,54-26006-S,54-35014-S,54-35058-S,54-37010-S,54-37418-S,54-37473-S,54-37597-S,54-39171-S,54-39729-S,54-39935-S,54-51225-S,54-52193-S,54-57197-S,54-61553-S,55-422-S,55-6295-S,55-11312-S,55-23451-S,55-24240-S,55-25715-S,55-25807-S,55-32953-S,55-33035-S,55-36177-S,55-37341-S,55-41238-S,55-44364-S,55-46639-S,55-57185-S,56-36364-S,56-52590-S,57-18757-S,57-19784-S,57-19875-S,57-23639-S,58-17538-S,58-46879-S,58-49105-S,58-49640-S,58-56854-S,58-57220-S,58-64473-S,59-16172-S,59-26477-S,59-28819-S,59-29497-S,59-30161-S,59-41988-S,59-42419-S,59-46640-S,59-62671-S,59-62829-S,60-809-S,60-853-S,60-7817-S,60-8108-S,60-8530-S,60-8577-S,60-8709-S,60-8924-S,60-9011-S,60-9082-S,60-16282-S,60-16282-S,60-30433-S,60-42081-S,60-42206-S,60-42394-S,60-42460-S,60-42668-S,61-6932-S,61-34109-S,61-50530-S,61-50580-S,62-51403-S,62-52689-S,62-52860-S,62-53248-S,62-54701-S,63-8690-S,63-14887-S,63-15176-S,63-15596-S,63-18168-S,63-18262-S,63-18324-S,63-19557-S,63-19686-S,63-19746-S,63-20436-S,63-20546-S,63-20890-S,63-21493-S,63-21631-S,63-21671-S,63-21789-S,63-22003-S,63-24230-S,63-24278-S,63-25067-S,63-25423-S,63-26601-S,63-28118-S,63-28216-S,63-28257-S,63-29370-S,63-29471-S,63-29504-S,63-30974-S,63-31008-S,63-31040-S,63-31106-S,63-31490-S,63-31699-S,63-32688-S,63-32723-S,63-33564-S,63-34635-S,63-35988-S,63-36022-S,63-36055-S,63-36201-S,63-36293-S,63-36348-S,63-54489-S,63-54581-S,63-56867-S,64-17051-S,64-38702-S,64-53534-S,65-65906-S,65-67817-S,65-68417-S,65-68483-S,66-1354-S,66-5876-S,66-6532-S,66-7415-S,66-8669-S,66-9296-S,66-9407-S,66-10512-S,66-11976-S,66-12385-S,66-13090-S,66-18885-S,66-36743-S,66-54353-S,66-54639-S,66-54683-S,66-56058-S,67-8540-S,67-14418-S,67-23351-S,67-23826-S,67-42271-S,67-42985-S,67-43214-S,67-43654-S,67-43836-S,67-47540-S,68-10020-S,68-10078-S,68-42875-S,68-44119-S,68-62648-S,69-31434-S,69-31944-S,69-32744-S,69-32896-S,69-34195-S,69-34254-S,69-35538-S,69-35688-S,69-39645-S,69-42329-S,70-18009-S,70-39769-S,70-40658-S,70-40658-S,70-41308-S,70-42071-S,70-42161-S,71-63-S,71-9511-S,71-10318-S,71-11224-S,71-11279-S,71-11596-S,71-12262-S,71-35975-S,71-38574-S,71-38574-S
name 1386 1398 of first ming emperor zhu yuanzhang  posthumous name ming taizu 	37-61183-S
name 1403 1424 of third ming emperor chengzu  zhudi 	36-51707-S
name 1868 1912	31-25140-S
name 1909 1911 of the last qing emperor pu yi  	19-55319-S
name 196 219 at the end of the han dynasty	23-20772-S
name 307 313 of jin emperor huai 	36-49570-S
name a han dynasty town in shaanxi	30-25277-S
name an alternative name of person stressing a moral principle	56-44130-S
name and password on a website	62-12819-S
name and reality	12-55691-B
name and surname	18-40671-B
name and take his place  saw	8-10853-S
name and title	58-45427-S
name at the end the shang dynasty	35-65636-S
name before his fall in jewish and christian mythology	60-43611-S,60-43725-S
name berger	4-57837-B
name brand product	12-57201-B
name but no reality  saw	32-31078-S,32-31208-S
name by the nationalist government	36-19773-S
name card	12-54315-B,12-56011-B
name churchill	2-42893-B
name does not correspond to reality  saw	12-53351-S
name does not reflect the reality  saw	12-53164-S
name e g of emperor	12-58601-S
name etc	13-18559-S
name for a minority group in china	5-9997-S
name for african kingdom in somalia	32-55749-S
name for bengal or bangladesh	34-39670-S
name for book of changes i ching  	13-12219-S
name for calicut	47-19620-S
name for capital of south korea	39-48815-S
name for changjiang	28-44754-S
name for chiefs of xiongnu huns 	14-16536-S,14-18581-S
name for china	46-57011-S,54-33388-S
name for cormorant	36-45477-S
name for diaoyu islands	21-6641-S
name for east roman empire	54-38671-S
name for fu xi 	22-61312-S
name for go chinese board game	23-24625-S
name for god	51-40453-S
name for himself	18-30194-S
name for history of the five dynasties between tang and song  	34-9151-S
name for hormuz	24-51372-S
name for huangyan island	30-39204-S
name for kaohsiung  in southern taiwan	26-46649-S
name for lngq   canal in xing an county  	53-24114-S
name for mandalay 	43-10656-S
name for modern kashgar	44-1598-S
name for mt hua	37-48351-S
name for mt tai  in shandong as principal or ancestor of the five sacred mountains  	21-37066-S
